epoch,time,train/box_loss,train/cls_loss,train/l1_loss,metrics/precision(B),metrics/recall(B),metrics/mAP50(B),metrics/mAP50-95(B),val/box_loss,val/cls_loss,val/l1_loss,lr/pg0,lr/pg1,lr/pg2
1,1.53584,1.36816,4.129,0.00448,0.95969,1,0.995,0.6965,0.71471,3.70072,0.00382,0,0,0
2,2.66945,0.98515,3.83666,0.00356,0.95969,1,0.995,0.6965,0.71471,3.70072,0.00382,0.000660067,0.000660067,0.000660067
3,3.82319,1.14981,5.12561,0.00521,0.95969,1,0.995,0.6965,0.71471,3.70072,0.00382,0.00130693,0.00130693,0.00130693
4,4.93446,1.09365,4.30409,0.00519,0.89537,1,0.995,0.2985,1.42549,4.48568,0.00881,0.0019406,0.0019406,0.0019406
5,6.02575,1.74842,7.35249,0.00939,0.89537,1,0.995,0.2985,1.42549,4.48568,0.00881,0.0019208,0.0019208,0.0019208
6,7.16394,1.58666,4.6133,0.01109,0.89537,1,0.995,0.2985,1.42549,4.48568,0.00881,0.001901,0.001901,0.001901
7,8.27256,2.04481,5.05136,0.01099,0.93439,1,0.995,0.398,1.58034,3.75008,0.01113,0.0018812,0.0018812,0.0018812
8,9.38203,1.96341,11.4317,0.00721,0.93439,1,0.995,0.398,1.58034,3.75008,0.01113,0.0018614,0.0018614,0.0018614
9,10.4621,2.5215,6.40565,0.01581,0.93439,1,0.995,0.398,1.58034,3.75008,0.01113,0.0018416,0.0018416,0.0018416
10,11.5503,2.26914,6.94557,0.00988,0.85715,1,0.995,0.199,1.78412,3.33666,0.01239,0.0018218,0.0018218,0.0018218
11,12.6217,1.93176,3.47351,0.00645,0.85715,1,0.995,0.199,1.78412,3.33666,0.01239,0.001802,0.001802,0.001802
12,13.6909,1.99233,7.83115,0.00771,0.85715,1,0.995,0.199,1.78412,3.33666,0.01239,0.0017822,0.0017822,0.0017822
13,14.7897,1.51069,3.56109,0.00568,0.90899,1,0.995,0.398,1.68414,5.03545,0.0109,0.0017624,0.0017624,0.0017624
14,15.8767,1.49114,10.9238,0.00663,0.90899,1,0.995,0.398,1.68414,5.03545,0.0109,0.0017426,0.0017426,0.0017426
15,16.9733,1.31534,5.34697,0.00519,0.90899,1,0.995,0.398,1.68414,5.03545,0.0109,0.0017228,0.0017228,0.0017228
16,18.0704,1.82468,5.10186,0.00711,0.90663,1,0.995,0.2985,1.7917,3.50769,0.01181,0.001703,0.001703,0.001703
17,19.1387,2.5518,4.6077,0.01233,0.90663,1,0.995,0.2985,1.7917,3.50769,0.01181,0.0016832,0.0016832,0.0016832
18,20.2174,2.10074,5.15342,0.01026,0.90663,1,0.995,0.2985,1.7917,3.50769,0.01181,0.0016634,0.0016634,0.0016634
19,21.3127,2.10382,3.95605,0.00997,0.92667,1,0.995,0.398,1.70198,3.64493,0.01156,0.0016436,0.0016436,0.0016436
20,22.4226,2.45566,6.3297,0.01721,0.92667,1,0.995,0.398,1.70198,3.64493,0.01156,0.0016238,0.0016238,0.0016238
21,23.5098,1.65166,4.09445,0.00614,0.92667,1,0.995,0.398,1.70198,3.64493,0.01156,0.001604,0.001604,0.001604
22,24.6013,2.2463,4.16227,0.00913,0.69299,1,0.995,0.4975,1.00782,4.29264,0.0064,0.0015842,0.0015842,0.0015842
23,25.773,1.58597,3.21161,0.00741,0.69299,1,0.995,0.4975,1.00782,4.29264,0.0064,0.0015644,0.0015644,0.0015644
24,26.8556,1.13352,3.46498,0.00659,0.69299,1,0.995,0.4975,1.00782,4.29264,0.0064,0.0015446,0.0015446,0.0015446
25,27.9715,1.38207,2.67672,0.00383,0.47222,1,0.995,0.44775,1.23561,4.72019,0.00799,0.0015248,0.0015248,0.0015248
26,29.0398,2.26832,9.71134,0.01183,0.47222,1,0.995,0.44775,1.23561,4.72019,0.00799,0.001505,0.001505,0.001505
27,30.1339,1.84792,4.68452,0.00519,0.47222,1,0.995,0.44775,1.23561,4.72019,0.00799,0.0014852,0.0014852,0.0014852
28,31.2973,1.20378,3.35152,0.00745,0.45488,1,0.995,0.38142,1.47722,4.66854,0.01003,0.0014654,0.0014654,0.0014654
29,32.3826,1.30456,4.19968,0.00675,0.45488,1,0.995,0.38142,1.47722,4.66854,0.01003,0.0014456,0.0014456,0.0014456
30,33.464,2.01949,5.99305,0.01442,0.45488,1,0.995,0.38142,1.47722,4.66854,0.01003,0.0014258,0.0014258,0.0014258
31,34.58,1.26012,3.15697,0.00486,0.42606,1,0.995,0.62187,1.53066,3.7493,0.01033,0.001406,0.001406,0.001406
32,35.7041,2.10465,3.28813,0.00905,0.42606,1,0.995,0.62187,1.53066,3.7493,0.01033,0.0013862,0.0013862,0.0013862
33,36.851,1.80579,3.7118,0.00598,0.42606,1,0.995,0.62187,1.53066,3.7493,0.01033,0.0013664,0.0013664,0.0013664
34,37.9503,1.78942,3.69647,0.00759,0.76042,1,0.995,0.597,1.48547,3.19994,0.00964,0.0013466,0.0013466,0.0013466
35,39.0323,1.52666,4.01052,0.00898,0.76042,1,0.995,0.597,1.48547,3.19994,0.00964,0.0013268,0.0013268,0.0013268
36,40.1627,1.55127,7.62118,0.00779,0.76042,1,0.995,0.597,1.48547,3.19994,0.00964,0.001307,0.001307,0.001307
37,41.2535,1.58932,2.64313,0.00538,0.45097,1,0.995,0.597,1.4447,2.856,0.00888,0.0012872,0.0012872,0.0012872
38,42.3529,1.36524,3.94516,0.00581,0.45097,1,0.995,0.597,1.4447,2.856,0.00888,0.0012674,0.0012674,0.0012674
39,43.4406,1.29401,4.30487,0.00755,0.45097,1,0.995,0.597,1.4447,2.856,0.00888,0.0012476,0.0012476,0.0012476
40,44.5246,1.49443,3.0008,0.00616,0.48042,1,0.995,0.6965,1.32417,2.62047,0.00782,0.0012278,0.0012278,0.0012278
41,45.6468,1.03979,3.81483,0.0047,0.48042,1,0.995,0.6965,1.32417,2.62047,0.00782,0.001208,0.001208,0.001208
42,46.759,1.83639,2.6408,0.00628,0.48042,1,0.995,0.6965,1.32417,2.62047,0.00782,0.0011882,0.0011882,0.0011882
43,47.8766,1.63972,3.12544,0.00521,0.4901,1,0.995,0.6965,1.10028,2.57953,0.00603,0.0011684,0.0011684,0.0011684
44,48.9997,1.5178,3.87007,0.00899,0.4901,1,0.995,0.6965,1.10028,2.57953,0.00603,0.0011486,0.0011486,0.0011486
45,50.1109,1.2238,2.30278,0.00388,0.4901,1,0.995,0.6965,1.10028,2.57953,0.00603,0.0011288,0.0011288,0.0011288
46,51.2144,0.86733,4.86864,0.0052,0.49581,1,0.995,0.796,0.70756,2.38118,0.00368,0.001109,0.001109,0.001109
47,52.307,1.40733,4.60016,0.00442,0.49581,1,0.995,0.796,0.70756,2.38118,0.00368,0.0010892,0.0010892,0.0010892
48,53.3916,0.95385,2.55754,0.003,0.49581,1,0.995,0.796,0.70756,2.38118,0.00368,0.0010694,0.0010694,0.0010694
49,54.52,1.22009,2.04995,0.00346,0.68079,1,0.995,0.796,0.88854,2.26157,0.00471,0.0010496,0.0010496,0.0010496
50,55.6077,1.58243,2.79511,0.0055,0.68079,1,0.995,0.796,0.88854,2.26157,0.00471,0.0010298,0.0010298,0.0010298
51,56.6909,1.61368,4.02221,0.00859,0.68079,1,0.995,0.796,0.88854,2.26157,0.00471,0.00101,0.00101,0.00101
52,57.7733,1.02718,6.39388,0.00582,0.83777,1,0.995,0.6965,1.06444,2.33563,0.00556,0.0009902,0.0009902,0.0009902
53,58.8589,1.56282,3.4638,0.00399,0.83777,1,0.995,0.6965,1.06444,2.33563,0.00556,0.0009704,0.0009704,0.0009704
54,59.9335,1.33378,3.21801,0.00697,0.83777,1,0.995,0.6965,1.06444,2.33563,0.00556,0.0009506,0.0009506,0.0009506
55,61.0361,1.58719,4.78566,0.00942,0.85452,1,0.995,0.6965,1.12226,2.35222,0.00612,0.0009308,0.0009308,0.0009308
56,62.1095,1.53965,2.37004,0.00581,0.85452,1,0.995,0.6965,1.12226,2.35222,0.00612,0.000911,0.000911,0.000911
57,63.2143,1.35578,5.42247,0.00536,0.85452,1,0.995,0.6965,1.12226,2.35222,0.00612,0.0008912,0.0008912,0.0008912
58,64.3247,1.27934,2.55125,0.00481,0.85584,1,0.995,0.6965,1.02815,2.35933,0.00582,0.0008714,0.0008714,0.0008714
59,65.4418,1.12134,5.94089,0.00563,0.85584,1,0.995,0.6965,1.02815,2.35933,0.00582,0.0008516,0.0008516,0.0008516
60,66.5466,1.26036,3.18017,0.00662,0.85584,1,0.995,0.6965,1.02815,2.35933,0.00582,0.0008318,0.0008318,0.0008318
61,67.6393,0.91109,3.50721,0.00353,0.89027,1,0.995,0.597,0.87148,2.38591,0.00503,0.000812,0.000812,0.000812
62,68.7347,1.71533,2.25723,0.00572,0.89027,1,0.995,0.597,0.87148,2.38591,0.00503,0.0007922,0.0007922,0.0007922
63,69.8055,0.97851,2.4728,0.00241,0.89027,1,0.995,0.597,0.87148,2.38591,0.00503,0.0007724,0.0007724,0.0007724
64,70.8904,1.51764,2.63637,0.00337,0.91585,1,0.995,0.597,0.95211,2.38213,0.00544,0.0007526,0.0007526,0.0007526
65,72.0002,1.28159,3.9449,0.00807,0.91585,1,0.995,0.597,0.95211,2.38213,0.00544,0.0007328,0.0007328,0.0007328
66,73.0764,1.67684,2.68219,0.00285,0.91585,1,0.995,0.597,0.95211,2.38213,0.00544,0.000713,0.000713,0.000713
67,74.1742,0.9907,2.40085,0.00274,0.92801,1,0.995,0.597,0.99563,2.37752,0.00569,0.0006932,0.0006932,0.0006932
68,75.2659,0.75437,3.29191,0.0033,0.92801,1,0.995,0.597,0.99563,2.37752,0.00569,0.0006734,0.0006734,0.0006734
69,76.37,1.11171,2.71177,0.0027,0.92801,1,0.995,0.597,0.99563,2.37752,0.00569,0.0006536,0.0006536,0.0006536
70,77.5201,1.07851,2.52221,0.00376,0.91828,1,0.995,0.597,0.96546,2.39629,0.00516,0.0006338,0.0006338,0.0006338
71,78.6373,0.74844,3.25269,0.00301,0.91828,1,0.995,0.597,0.96546,2.39629,0.00516,0.000614,0.000614,0.000614
72,79.7395,1.0584,1.77425,0.00328,0.91828,1,0.995,0.597,0.96546,2.39629,0.00516,0.0005942,0.0005942,0.0005942
73,80.856,1.04979,2.40517,0.00327,0.91071,1,0.995,0.597,0.9279,2.40756,0.00475,0.0005744,0.0005744,0.0005744
74,81.9475,0.79043,2.90168,0.00334,0.91071,1,0.995,0.597,0.9279,2.40756,0.00475,0.0005546,0.0005546,0.0005546
75,83.0788,1.07839,3.26486,0.00466,0.91071,1,0.995,0.597,0.9279,2.40756,0.00475,0.0005348,0.0005348,0.0005348
76,84.1776,0.96403,3.55728,0.00573,0.90427,1,0.995,0.597,0.87917,2.38682,0.00452,0.000515,0.000515,0.000515
77,85.2516,1.05774,2.11529,0.00473,0.90427,1,0.995,0.597,0.87917,2.38682,0.00452,0.0004952,0.0004952,0.0004952
78,86.338,1.4301,2.63985,0.00319,0.90427,1,0.995,0.597,0.87917,2.38682,0.00452,0.0004754,0.0004754,0.0004754
79,87.4381,1.1009,2.5881,0.00383,0.89781,1,0.995,0.6965,0.83232,2.36794,0.00448,0.0004556,0.0004556,0.0004556
80,88.5266,0.68012,3.39971,0.00334,0.89781,1,0.995,0.6965,0.83232,2.36794,0.00448,0.0004358,0.0004358,0.0004358
81,89.6486,1.43093,2.06769,0.00339,0.89781,1,0.995,0.6965,0.83232,2.36794,0.00448,0.000416,0.000416,0.000416
82,90.7582,1.38534,2.46354,0.00564,0.88613,1,0.995,0.6965,0.8058,2.35388,0.00475,0.0003962,0.0003962,0.0003962
83,91.8691,1.21623,4.02623,0.00417,0.88613,1,0.995,0.6965,0.8058,2.35388,0.00475,0.0003764,0.0003764,0.0003764
84,92.9753,1.35828,2.5585,0.00642,0.88613,1,0.995,0.6965,0.8058,2.35388,0.00475,0.0003566,0.0003566,0.0003566
85,94.0972,0.68665,3.19712,0.004,0.87611,1,0.995,0.6965,0.80226,2.3356,0.00503,0.0003368,0.0003368,0.0003368
86,95.2043,0.59379,2.64644,0.00341,0.87611,1,0.995,0.6965,0.80226,2.3356,0.00503,0.000317,0.000317,0.000317
87,96.2948,0.96936,2.63795,0.00288,0.87611,1,0.995,0.6965,0.80226,2.3356,0.00503,0.0002972,0.0002972,0.0002972
88,97.4093,0.80542,1.60565,0.00234,0.86424,1,0.995,0.6965,0.79399,2.33318,0.00523,0.0002774,0.0002774,0.0002774
89,98.5129,0.69978,1.93952,0.00208,0.86424,1,0.995,0.6965,0.79399,2.33318,0.00523,0.0002576,0.0002576,0.0002576
90,99.6075,1.06975,2.12677,0.00446,0.86424,1,0.995,0.6965,0.79399,2.33318,0.00523,0.0002378,0.0002378,0.0002378
91,100.716,1.05492,3.74299,0.00644,0.94077,1,0.995,0.6965,0.79724,2.31838,0.00543,0.000218,0.000218,0.000218
92,101.823,0.74806,3.6644,0.00295,0.94077,1,0.995,0.6965,0.79724,2.31838,0.00543,0.0001982,0.0001982,0.0001982
93,102.997,0.88483,3.7573,0.00255,0.94077,1,0.995,0.6965,0.79724,2.31838,0.00543,0.0001784,0.0001784,0.0001784
94,104.104,1.18368,3.78088,0.00609,0.94115,1,0.995,0.6965,0.79869,2.32386,0.00554,0.0001586,0.0001586,0.0001586
95,105.222,1.26758,3.63979,0.00546,0.94115,1,0.995,0.6965,0.79869,2.32386,0.00554,0.0001388,0.0001388,0.0001388
96,106.313,0.359,4.28255,0.00132,0.94115,1,0.995,0.6965,0.79869,2.32386,0.00554,0.000119,0.000119,0.000119
97,107.408,0.75659,3.60693,0.00546,0.94039,1,0.995,0.6965,0.78323,2.34674,0.00555,9.92e-05,9.92e-05,9.92e-05
98,108.527,0.74775,3.48763,0.00444,0.94039,1,0.995,0.6965,0.78323,2.34674,0.00555,7.94e-05,7.94e-05,7.94e-05
99,109.617,1.0992,4.04758,0.007,0.94039,1,0.995,0.6965,0.78323,2.34674,0.00555,5.96e-05,5.96e-05,5.96e-05
100,110.736,1.16441,3.68331,0.00319,0.93976,1,0.995,0.6965,0.76295,2.3648,0.0055,3.98e-05,3.98e-05,3.98e-05
